@iot.selfLink;@iot.id;phenomenonTime;result;resultTime;Datastream@iot.navigationLink;FeatureOfInterest@iot.navigationLink;Objects@iot.navigationLink;ObservationGroups@iot.navigationLink;Subjects@iot.navigationLink
https://citiobs.demo.secure-dimensions.de/staplus/v1.1/Observations(1);1;2023-07-24T13:20:56Z;27.25;2023-07-24T13:20:56Z;https://citiobs.demo.secure-dimensions.de/staplus/v1.1/Observations(1)/Datastream;https://citiobs.demo.secure-dimensions.de/staplus/v1.1/Observations(1)/FeatureOfInterest;https://citiobs.demo.secure-dimensions.de/staplus/v1.1/Observations(1)/Objects;https://citiobs.demo.secure-dimensions.de/staplus/v1.1/Observations(1)/ObservationGroups;https://citiobs.demo.secure-dimensions.de/staplus/v1.1/Observations(1)/Subjects
https://citiobs.demo.secure-dimensions.de/staplus/v1.1/Observations(2);2;2023-07-24T13:20:56Z;52.34;2023-07-24T13:20:56Z;https://citiobs.demo.secure-dimensions.de/staplus/v1.1/Observations(2)/Datastream;https://citiobs.demo.secure-dimensions.de/staplus/v1.1/Observations(2)/FeatureOfInterest;https://citiobs.demo.secure-dimensions.de/staplus/v1.1/Observations(2)/Objects;https://citiobs.demo.secure-dimensions.de/staplus/v1.1/Observations(2)/ObservationGroups;https://citiobs.demo.secure-dimensions.de/staplus/v1.1/Observations(2)/Subjects
https://citiobs.demo.secure-dimensions.de/staplus/v1.1/Observations(3);3;2023-07-24T13:20:56Z;94.75;2023-07-24T13:20:56Z;https://citiobs.demo.secure-dimensions.de/staplus/v1.1/Observations(3)/Datastream;https://citiobs.demo.secure-dimensions.de/staplus/v1.1/Observations(3)/FeatureOfInterest;https://citiobs.demo.secure-dimensions.de/staplus/v1.1/Observations(3)/Objects;https://citiobs.demo.secure-dimensions.de/staplus/v1.1/Observations(3)/ObservationGroups;https://citiobs.demo.secure-dimensions.de/staplus/v1.1/Observations(3)/Subjects
https://citiobs.demo.secure-dimensions.de/staplus/v1.1/Observations(4);4;2023-07-24T13:20:56Z;59;2023-07-24T13:20:56Z;https://citiobs.demo.secure-dimensions.de/staplus/v1.1/Observations(4)/Datastream;https://citiobs.demo.secure-dimensions.de/staplus/v1.1/Observations(4)/FeatureOfInterest;https://citiobs.demo.secure-dimensions.de/staplus/v1.1/Observations(4)/Objects;https://citiobs.demo.secure-dimensions.de/staplus/v1.1/Observations(4)/ObservationGroups;https://citiobs.demo.secure-dimensions.de/staplus/v1.1/Observations(4)/Subjects
https://citiobs.demo.secure-dimensions.de/staplus/v1.1/Observations(5);5;2023-07-24T13:20:56Z;27.28;2023-07-24T13:20:56Z;https://citiobs.demo.secure-dimensions.de/staplus/v1.1/Observations(5)/Datastream;https://citiobs.demo.secure-dimensions.de/staplus/v1.1/Observations(5)/FeatureOfInterest;https://citiobs.demo.secure-dimensions.de/staplus/v1.1/Observations(5)/Objects;https://citiobs.demo.secure-dimensions.de/staplus/v1.1/Observations(5)/ObservationGroups;https://citiobs.demo.secure-dimensions.de/staplus/v1.1/Observations(5)/Subjects
https://citiobs.demo.secure-dimensions.de/staplus/v1.1/Observations(6);6;2023-07-24T13:20:56Z;3;2023-07-24T13:20:56Z;https://citiobs.demo.secure-dimensions.de/staplus/v1.1/Observations(6)/Datastream;https://citiobs.demo.secure-dimensions.de/staplus/v1.1/Observations(6)/FeatureOfInterest;https://citiobs.demo.secure-dimensions.de/staplus/v1.1/Observations(6)/Objects;https://citiobs.demo.secure-dimensions.de/staplus/v1.1/Observations(6)/ObservationGroups;https://citiobs.demo.secure-dimensions.de/staplus/v1.1/Observations(6)/Subjects
https://citiobs.demo.secure-dimensions.de/staplus/v1.1/Observations(7);7;2023-07-24T13:20:56Z;5;2023-07-24T13:20:56Z;https://citiobs.demo.secure-dimensions.de/staplus/v1.1/Observations(7)/Datastream;https://citiobs.demo.secure-dimensions.de/staplus/v1.1/Observations(7)/FeatureOfInterest;https://citiobs.demo.secure-dimensions.de/staplus/v1.1/Observations(7)/Objects;https://citiobs.demo.secure-dimensions.de/staplus/v1.1/Observations(7)/ObservationGroups;https://citiobs.demo.secure-dimensions.de/staplus/v1.1/Observations(7)/Subjects
https://citiobs.demo.secure-dimensions.de/staplus/v1.1/Observations(8);8;2023-07-24T13:20:56Z;6;2023-07-24T13:20:56Z;https://citiobs.demo.secure-dimensions.de/staplus/v1.1/Observations(8)/Datastream;https://citiobs.demo.secure-dimensions.de/staplus/v1.1/Observations(8)/FeatureOfInterest;https://citiobs.demo.secure-dimensions.de/staplus/v1.1/Observations(8)/Objects;https://citiobs.demo.secure-dimensions.de/staplus/v1.1/Observations(8)/ObservationGroups;https://citiobs.demo.secure-dimensions.de/staplus/v1.1/Observations(8)/Subjects
https://citiobs.demo.secure-dimensions.de/staplus/v1.1/Observations(9);9;2023-07-24T13:20:56Z;27.24;2023-07-24T13:20:56Z;https://citiobs.demo.secure-dimensions.de/staplus/v1.1/Observations(9)/Datastream;https://citiobs.demo.secure-dimensions.de/staplus/v1.1/Observations(9)/FeatureOfInterest;https://citiobs.demo.secure-dimensions.de/staplus/v1.1/Observations(9)/Objects;https://citiobs.demo.secure-dimensions.de/staplus/v1.1/Observations(9)/ObservationGroups;https://citiobs.demo.secure-dimensions.de/staplus/v1.1/Observations(9)/Subjects
https://citiobs.demo.secure-dimensions.de/staplus/v1.1/Observations(10);10;2023-07-24T13:20:56Z;52.35;2023-07-24T13:20:56Z;https://citiobs.demo.secure-dimensions.de/staplus/v1.1/Observations(10)/Datastream;https://citiobs.demo.secure-dimensions.de/staplus/v1.1/Observations(10)/FeatureOfInterest;https://citiobs.demo.secure-dimensions.de/staplus/v1.1/Observations(10)/Objects;https://citiobs.demo.secure-dimensions.de/staplus/v1.1/Observations(10)/ObservationGroups;https://citiobs.demo.secure-dimensions.de/staplus/v1.1/Observations(10)/Subjects
https://citiobs.demo.secure-dimensions.de/staplus/v1.1/Observations(11);11;2023-07-24T13:20:56Z;60;2023-07-24T13:20:56Z;https://citiobs.demo.secure-dimensions.de/staplus/v1.1/Observations(11)/Datastream;https://citiobs.demo.secure-dimensions.de/staplus/v1.1/Observations(11)/FeatureOfInterest;https://citiobs.demo.secure-dimensions.de/staplus/v1.1/Observations(11)/Objects;https://citiobs.demo.secure-dimensions.de/staplus/v1.1/Observations(11)/ObservationGroups;https://citiobs.demo.secure-dimensions.de/staplus/v1.1/Observations(11)/Subjects
https://citiobs.demo.secure-dimensions.de/staplus/v1.1/Observations(12);12;2023-07-24T13:20:56Z;94.74;2023-07-24T13:20:56Z;https://citiobs.demo.secure-dimensions.de/staplus/v1.1/Observations(12)/Datastream;https://citiobs.demo.secure-dimensions.de/staplus/v1.1/Observations(12)/FeatureOfInterest;https://citiobs.demo.secure-dimensions.de/staplus/v1.1/Observations(12)/Objects;https://citiobs.demo.secure-dimensions.de/staplus/v1.1/Observations(12)/ObservationGroups;https://citiobs.demo.secure-dimensions.de/staplus/v1.1/Observations(12)/Subjects
https://citiobs.demo.secure-dimensions.de/staplus/v1.1/Observations(13);13;2023-07-24T13:20:56Z;27.57;2023-07-24T13:20:56Z;https://citiobs.demo.secure-dimensions.de/staplus/v1.1/Observations(13)/Datastream;https://citiobs.demo.secure-dimensions.de/staplus/v1.1/Observations(13)/FeatureOfInterest;https://citiobs.demo.secure-dimensions.de/staplus/v1.1/Observations(13)/Objects;https://citiobs.demo.secure-dimensions.de/staplus/v1.1/Observations(13)/ObservationGroups;https://citiobs.demo.secure-dimensions.de/staplus/v1.1/Observations(13)/Subjects
https://citiobs.demo.secure-dimensions.de/staplus/v1.1/Observations(14);14;2023-07-24T13:20:56Z;3;2023-07-24T13:20:56Z;https://citiobs.demo.secure-dimensions.de/staplus/v1.1/Observations(14)/Datastream;https://citiobs.demo.secure-dimensions.de/staplus/v1.1/Observations(14)/FeatureOfInterest;https://citiobs.demo.secure-dimensions.de/staplus/v1.1/Observations(14)/Objects;https://citiobs.demo.secure-dimensions.de/staplus/v1.1/Observations(14)/ObservationGroups;https://citiobs.demo.secure-dimensions.de/staplus/v1.1/Observations(14)/Subjects
https://citiobs.demo.secure-dimensions.de/staplus/v1.1/Observations(15);15;2023-07-24T13:20:56Z;7;2023-07-24T13:20:56Z;https://citiobs.demo.secure-dimensions.de/staplus/v1.1/Observations(15)/Datastream;https://citiobs.demo.secure-dimensions.de/staplus/v1.1/Observations(15)/FeatureOfInterest;https://citiobs.demo.secure-dimensions.de/staplus/v1.1/Observations(15)/Objects;https://citiobs.demo.secure-dimensions.de/staplus/v1.1/Observations(15)/ObservationGroups;https://citiobs.demo.secure-dimensions.de/staplus/v1.1/Observations(15)/Subjects
https://citiobs.demo.secure-dimensions.de/staplus/v1.1/Observations(16);16;2023-07-24T13:20:56Z;7;2023-07-24T13:20:56Z;https://citiobs.demo.secure-dimensions.de/staplus/v1.1/Observations(16)/Datastream;https://citiobs.demo.secure-dimensions.de/staplus/v1.1/Observations(16)/FeatureOfInterest;https://citiobs.demo.secure-dimensions.de/staplus/v1.1/Observations(16)/Objects;https://citiobs.demo.secure-dimensions.de/staplus/v1.1/Observations(16)/ObservationGroups;https://citiobs.demo.secure-dimensions.de/staplus/v1.1/Observations(16)/Subjects
https://citiobs.demo.secure-dimensions.de/staplus/v1.1/Observations(17);17;2023-07-24T13:20:56Z;27.24;2023-07-24T13:20:56Z;https://citiobs.demo.secure-dimensions.de/staplus/v1.1/Observations(17)/Datastream;https://citiobs.demo.secure-dimensions.de/staplus/v1.1/Observations(17)/FeatureOfInterest;https://citiobs.demo.secure-dimensions.de/staplus/v1.1/Observations(17)/Objects;https://citiobs.demo.secure-dimensions.de/staplus/v1.1/Observations(17)/ObservationGroups;https://citiobs.demo.secure-dimensions.de/staplus/v1.1/Observations(17)/Subjects
https://citiobs.demo.secure-dimensions.de/staplus/v1.1/Observations(18);18;2023-07-24T13:20:56Z;52.39;2023-07-24T13:20:56Z;https://citiobs.demo.secure-dimensions.de/staplus/v1.1/Observations(18)/Datastream;https://citiobs.demo.secure-dimensions.de/staplus/v1.1/Observations(18)/FeatureOfInterest;https://citiobs.demo.secure-dimensions.de/staplus/v1.1/Observations(18)/Objects;https://citiobs.demo.secure-dimensions.de/staplus/v1.1/Observations(18)/ObservationGroups;https://citiobs.demo.secure-dimensions.de/staplus/v1.1/Observations(18)/Subjects
https://citiobs.demo.secure-dimensions.de/staplus/v1.1/Observations(19);19;2023-07-24T13:20:56Z;60;2023-07-24T13:20:56Z;https://citiobs.demo.secure-dimensions.de/staplus/v1.1/Observations(19)/Datastream;https://citiobs.demo.secure-dimensions.de/staplus/v1.1/Observations(19)/FeatureOfInterest;https://citiobs.demo.secure-dimensions.de/staplus/v1.1/Observations(19)/Objects;https://citiobs.demo.secure-dimensions.de/staplus/v1.1/Observations(19)/ObservationGroups;https://citiobs.demo.secure-dimensions.de/staplus/v1.1/Observations(19)/Subjects
https://citiobs.demo.secure-dimensions.de/staplus/v1.1/Observations(20);20;2023-07-24T13:20:56Z;94.74;2023-07-24T13:20:56Z;https://citiobs.demo.secure-dimensions.de/staplus/v1.1/Observations(20)/Datastream;https://citiobs.demo.secure-dimensions.de/staplus/v1.1/Observations(20)/FeatureOfInterest;https://citiobs.demo.secure-dimensions.de/staplus/v1.1/Observations(20)/Objects;https://citiobs.demo.secure-dimensions.de/staplus/v1.1/Observations(20)/ObservationGroups;https://citiobs.demo.secure-dimensions.de/staplus/v1.1/Observations(20)/Subjects
https://citiobs.demo.secure-dimensions.de/staplus/v1.1/Observations(21);21;2023-07-24T13:20:56Z;26.60;2023-07-24T13:20:56Z;https://citiobs.demo.secure-dimensions.de/staplus/v1.1/Observations(21)/Datastream;https://citiobs.demo.secure-dimensions.de/staplus/v1.1/Observations(21)/FeatureOfInterest;https://citiobs.demo.secure-dimensions.de/staplus/v1.1/Observations(21)/Objects;https://citiobs.demo.secure-dimensions.de/staplus/v1.1/Observations(21)/ObservationGroups;https://citiobs.demo.secure-dimensions.de/staplus/v1.1/Observations(21)/Subjects
https://citiobs.demo.secure-dimensions.de/staplus/v1.1/Observations(22);22;2023-07-24T13:20:56Z;4;2023-07-24T13:20:56Z;https://citiobs.demo.secure-dimensions.de/staplus/v1.1/Observations(22)/Datastream;https://citiobs.demo.secure-dimensions.de/staplus/v1.1/Observations(22)/FeatureOfInterest;https://citiobs.demo.secure-dimensions.de/staplus/v1.1/Observations(22)/Objects;https://citiobs.demo.secure-dimensions.de/staplus/v1.1/Observations(22)/ObservationGroups;https://citiobs.demo.secure-dimensions.de/staplus/v1.1/Observations(22)/Subjects
https://citiobs.demo.secure-dimensions.de/staplus/v1.1/Observations(23);23;2023-07-24T13:20:56Z;7;2023-07-24T13:20:56Z;https://citiobs.demo.secure-dimensions.de/staplus/v1.1/Observations(23)/Datastream;https://citiobs.demo.secure-dimensions.de/staplus/v1.1/Observations(23)/FeatureOfInterest;https://citiobs.demo.secure-dimensions.de/staplus/v1.1/Observations(23)/Objects;https://citiobs.demo.secure-dimensions.de/staplus/v1.1/Observations(23)/ObservationGroups;https://citiobs.demo.secure-dimensions.de/staplus/v1.1/Observations(23)/Subjects
https://citiobs.demo.secure-dimensions.de/staplus/v1.1/Observations(24);24;2023-07-24T13:20:56Z;7;2023-07-24T13:20:56Z;https://citiobs.demo.secure-dimensions.de/staplus/v1.1/Observations(24)/Datastream;https://citiobs.demo.secure-dimensions.de/staplus/v1.1/Observations(24)/FeatureOfInterest;https://citiobs.demo.secure-dimensions.de/staplus/v1.1/Observations(24)/Objects;https://citiobs.demo.secure-dimensions.de/staplus/v1.1/Observations(24)/ObservationGroups;https://citiobs.demo.secure-dimensions.de/staplus/v1.1/Observations(24)/Subjects
https://citiobs.demo.secure-dimensions.de/staplus/v1.1/Observations(25);25;2023-07-24T13:20:56Z;27.24;2023-07-24T13:20:56Z;https://citiobs.demo.secure-dimensions.de/staplus/v1.1/Observations(25)/Datastream;https://citiobs.demo.secure-dimensions.de/staplus/v1.1/Observations(25)/FeatureOfInterest;https://citiobs.demo.secure-dimensions.de/staplus/v1.1/Observations(25)/Objects;https://citiobs.demo.secure-dimensions.de/staplus/v1.1/Observations(25)/ObservationGroups;https://citiobs.demo.secure-dimensions.de/staplus/v1.1/Observations(25)/Subjects
https://citiobs.demo.secure-dimensions.de/staplus/v1.1/Observations(26);26;2023-07-24T13:20:56Z;52.37;2023-07-24T13:20:56Z;https://citiobs.demo.secure-dimensions.de/staplus/v1.1/Observations(26)/Datastream;https://citiobs.demo.secure-dimensions.de/staplus/v1.1/Observations(26)/FeatureOfInterest;https://citiobs.demo.secure-dimensions.de/staplus/v1.1/Observations(26)/Objects;https://citiobs.demo.secure-dimensions.de/staplus/v1.1/Observations(26)/ObservationGroups;https://citiobs.demo.secure-dimensions.de/staplus/v1.1/Observations(26)/Subjects
https://citiobs.demo.secure-dimensions.de/staplus/v1.1/Observations(27);27;2023-07-24T13:20:56Z;58;2023-07-24T13:20:56Z;https://citiobs.demo.secure-dimensions.de/staplus/v1.1/Observations(27)/Datastream;https://citiobs.demo.secure-dimensions.de/staplus/v1.1/Observations(27)/FeatureOfInterest;https://citiobs.demo.secure-dimensions.de/staplus/v1.1/Observations(27)/Objects;https://citiobs.demo.secure-dimensions.de/staplus/v1.1/Observations(27)/ObservationGroups;https://citiobs.demo.secure-dimensions.de/staplus/v1.1/Observations(27)/Subjects
https://citiobs.demo.secure-dimensions.de/staplus/v1.1/Observations(28);28;2023-07-24T13:20:56Z;94.74;2023-07-24T13:20:56Z;https://citiobs.demo.secure-dimensions.de/staplus/v1.1/Observations(28)/Datastream;https://citiobs.demo.secure-dimensions.de/staplus/v1.1/Observations(28)/FeatureOfInterest;https://citiobs.demo.secure-dimensions.de/staplus/v1.1/Observations(28)/Objects;https://citiobs.demo.secure-dimensions.de/staplus/v1.1/Observations(28)/ObservationGroups;https://citiobs.demo.secure-dimensions.de/staplus/v1.1/Observations(28)/Subjects
https://citiobs.demo.secure-dimensions.de/staplus/v1.1/Observations(29);29;2023-07-24T13:20:56Z;27.08;2023-07-24T13:20:56Z;https://citiobs.demo.secure-dimensions.de/staplus/v1.1/Observations(29)/Datastream;https://citiobs.demo.secure-dimensions.de/staplus/v1.1/Observations(29)/FeatureOfInterest;https://citiobs.demo.secure-dimensions.de/staplus/v1.1/Observations(29)/Objects;https://citiobs.demo.secure-dimensions.de/staplus/v1.1/Observations(29)/ObservationGroups;https://citiobs.demo.secure-dimensions.de/staplus/v1.1/Observations(29)/Subjects
https://citiobs.demo.secure-dimensions.de/staplus/v1.1/Observations(30);30;2023-07-24T13:20:56Z;4;2023-07-24T13:20:56Z;https://citiobs.demo.secure-dimensions.de/staplus/v1.1/Observations(30)/Datastream;https://citiobs.demo.secure-dimensions.de/staplus/v1.1/Observations(30)/FeatureOfInterest;https://citiobs.demo.secure-dimensions.de/staplus/v1.1/Observations(30)/Objects;https://citiobs.demo.secure-dimensions.de/staplus/v1.1/Observations(30)/ObservationGroups;https://citiobs.demo.secure-dimensions.de/staplus/v1.1/Observations(30)/Subjects
https://citiobs.demo.secure-dimensions.de/staplus/v1.1/Observations(31);31;2023-07-24T13:20:56Z;8;2023-07-24T13:20:56Z;https://citiobs.demo.secure-dimensions.de/staplus/v1.1/Observations(31)/Datastream;https://citiobs.demo.secure-dimensions.de/staplus/v1.1/Observations(31)/FeatureOfInterest;https://citiobs.demo.secure-dimensions.de/staplus/v1.1/Observations(31)/Objects;https://citiobs.demo.secure-dimensions.de/staplus/v1.1/Observations(31)/ObservationGroups;https://citiobs.demo.secure-dimensions.de/staplus/v1.1/Observations(31)/Subjects
https://citiobs.demo.secure-dimensions.de/staplus/v1.1/Observations(32);32;2023-07-24T13:20:56Z;9;2023-07-24T13:20:56Z;https://citiobs.demo.secure-dimensions.de/staplus/v1.1/Observations(32)/Datastream;https://citiobs.demo.secure-dimensions.de/staplus/v1.1/Observations(32)/FeatureOfInterest;https://citiobs.demo.secure-dimensions.de/staplus/v1.1/Observations(32)/Objects;https://citiobs.demo.secure-dimensions.de/staplus/v1.1/Observations(32)/ObservationGroups;https://citiobs.demo.secure-dimensions.de/staplus/v1.1/Observations(32)/Subjects
https://citiobs.demo.secure-dimensions.de/staplus/v1.1/Observations(33);33;2023-07-24T13:20:56Z;27.24;2023-07-24T13:20:56Z;https://citiobs.demo.secure-dimensions.de/staplus/v1.1/Observations(33)/Datastream;https://citiobs.demo.secure-dimensions.de/staplus/v1.1/Observations(33)/FeatureOfInterest;https://citiobs.demo.secure-dimensions.de/staplus/v1.1/Observations(33)/Objects;https://citiobs.demo.secure-dimensions.de/staplus/v1.1/Observations(33)/ObservationGroups;https://citiobs.demo.secure-dimensions.de/staplus/v1.1/Observations(33)/Subjects
https://citiobs.demo.secure-dimensions.de/staplus/v1.1/Observations(34);34;2023-07-24T13:20:56Z;52.35;2023-07-24T13:20:56Z;https://citiobs.demo.secure-dimensions.de/staplus/v1.1/Observations(34)/Datastream;https://citiobs.demo.secure-dimensions.de/staplus/v1.1/Observations(34)/FeatureOfInterest;https://citiobs.demo.secure-dimensions.de/staplus/v1.1/Observations(34)/Objects;https://citiobs.demo.secure-dimensions.de/staplus/v1.1/Observations(34)/ObservationGroups;https://citiobs.demo.secure-dimensions.de/staplus/v1.1/Observations(34)/Subjects
https://citiobs.demo.secure-dimensions.de/staplus/v1.1/Observations(35);35;2023-07-24T13:20:56Z;58;2023-07-24T13:20:56Z;https://citiobs.demo.secure-dimensions.de/staplus/v1.1/Observations(35)/Datastream;https://citiobs.demo.secure-dimensions.de/staplus/v1.1/Observations(35)/FeatureOfInterest;https://citiobs.demo.secure-dimensions.de/staplus/v1.1/Observations(35)/Objects;https://citiobs.demo.secure-dimensions.de/staplus/v1.1/Observations(35)/ObservationGroups;https://citiobs.demo.secure-dimensions.de/staplus/v1.1/Observations(35)/Subjects
https://citiobs.demo.secure-dimensions.de/staplus/v1.1/Observations(36);36;2023-07-24T13:20:56Z;94.73;2023-07-24T13:20:56Z;https://citiobs.demo.secure-dimensions.de/staplus/v1.1/Observations(36)/Datastream;https://citiobs.demo.secure-dimensions.de/staplus/v1.1/Observations(36)/FeatureOfInterest;https://citiobs.demo.secure-dimensions.de/staplus/v1.1/Observations(36)/Objects;https://citiobs.demo.secure-dimensions.de/staplus/v1.1/Observations(36)/ObservationGroups;https://citiobs.demo.secure-dimensions.de/staplus/v1.1/Observations(36)/Subjects
https://citiobs.demo.secure-dimensions.de/staplus/v1.1/Observations(37);37;2023-07-24T13:20:56Z;26.46;2023-07-24T13:20:56Z;https://citiobs.demo.secure-dimensions.de/staplus/v1.1/Observations(37)/Datastream;https://citiobs.demo.secure-dimensions.de/staplus/v1.1/Observations(37)/FeatureOfInterest;https://citiobs.demo.secure-dimensions.de/staplus/v1.1/Observations(37)/Objects;https://citiobs.demo.secure-dimensions.de/staplus/v1.1/Observations(37)/ObservationGroups;https://citiobs.demo.secure-dimensions.de/staplus/v1.1/Observations(37)/Subjects
https://citiobs.demo.secure-dimensions.de/staplus/v1.1/Observations(38);38;2023-07-24T13:20:56Z;3;2023-07-24T13:20:56Z;https://citiobs.demo.secure-dimensions.de/staplus/v1.1/Observations(38)/Datastream;https://citiobs.demo.secure-dimensions.de/staplus/v1.1/Observations(38)/FeatureOfInterest;https://citiobs.demo.secure-dimensions.de/staplus/v1.1/Observations(38)/Objects;https://citiobs.demo.secure-dimensions.de/staplus/v1.1/Observations(38)/ObservationGroups;https://citiobs.demo.secure-dimensions.de/staplus/v1.1/Observations(38)/Subjects
https://citiobs.demo.secure-dimensions.de/staplus/v1.1/Observations(39);39;2023-07-24T13:20:56Z;7;2023-07-24T13:20:56Z;https://citiobs.demo.secure-dimensions.de/staplus/v1.1/Observations(39)/Datastream;https://citiobs.demo.secure-dimensions.de/staplus/v1.1/Observations(39)/FeatureOfInterest;https://citiobs.demo.secure-dimensions.de/staplus/v1.1/Observations(39)/Objects;https://citiobs.demo.secure-dimensions.de/staplus/v1.1/Observations(39)/ObservationGroups;https://citiobs.demo.secure-dimensions.de/staplus/v1.1/Observations(39)/Subjects
https://citiobs.demo.secure-dimensions.de/staplus/v1.1/Observations(40);40;2023-07-24T13:20:56Z;7;2023-07-24T13:20:56Z;https://citiobs.demo.secure-dimensions.de/staplus/v1.1/Observations(40)/Datastream;https://citiobs.demo.secure-dimensions.de/staplus/v1.1/Observations(40)/FeatureOfInterest;https://citiobs.demo.secure-dimensions.de/staplus/v1.1/Observations(40)/Objects;https://citiobs.demo.secure-dimensions.de/staplus/v1.1/Observations(40)/ObservationGroups;https://citiobs.demo.secure-dimensions.de/staplus/v1.1/Observations(40)/Subjects
https://citiobs.demo.secure-dimensions.de/staplus/v1.1/Observations(41);41;2023-07-24T13:20:56Z;27.24;2023-07-24T13:20:56Z;https://citiobs.demo.secure-dimensions.de/staplus/v1.1/Observations(41)/Datastream;https://citiobs.demo.secure-dimensions.de/staplus/v1.1/Observations(41)/FeatureOfInterest;https://citiobs.demo.secure-dimensions.de/staplus/v1.1/Observations(41)/Objects;https://citiobs.demo.secure-dimensions.de/staplus/v1.1/Observations(41)/ObservationGroups;https://citiobs.demo.secure-dimensions.de/staplus/v1.1/Observations(41)/Subjects
https://citiobs.demo.secure-dimensions.de/staplus/v1.1/Observations(42);42;2023-07-24T13:20:56Z;52.39;2023-07-24T13:20:56Z;https://citiobs.demo.secure-dimensions.de/staplus/v1.1/Observations(42)/Datastream;https://citiobs.demo.secure-dimensions.de/staplus/v1.1/Observations(42)/FeatureOfInterest;https://citiobs.demo.secure-dimensions.de/staplus/v1.1/Observations(42)/Objects;https://citiobs.demo.secure-dimensions.de/staplus/v1.1/Observations(42)/ObservationGroups;https://citiobs.demo.secure-dimensions.de/staplus/v1.1/Observations(42)/Subjects
https://citiobs.demo.secure-dimensions.de/staplus/v1.1/Observations(43);43;2023-07-24T13:20:56Z;60;2023-07-24T13:20:56Z;https://citiobs.demo.secure-dimensions.de/staplus/v1.1/Observations(43)/Datastream;https://citiobs.demo.secure-dimensions.de/staplus/v1.1/Observations(43)/FeatureOfInterest;https://citiobs.demo.secure-dimensions.de/staplus/v1.1/Observations(43)/Objects;https://citiobs.demo.secure-dimensions.de/staplus/v1.1/Observations(43)/ObservationGroups;https://citiobs.demo.secure-dimensions.de/staplus/v1.1/Observations(43)/Subjects
https://citiobs.demo.secure-dimensions.de/staplus/v1.1/Observations(44);44;2023-07-24T13:20:56Z;94.73;2023-07-24T13:20:56Z;https://citiobs.demo.secure-dimensions.de/staplus/v1.1/Observations(44)/Datastream;https://citiobs.demo.secure-dimensions.de/staplus/v1.1/Observations(44)/FeatureOfInterest;https://citiobs.demo.secure-dimensions.de/staplus/v1.1/Observations(44)/Objects;https://citiobs.demo.secure-dimensions.de/staplus/v1.1/Observations(44)/ObservationGroups;https://citiobs.demo.secure-dimensions.de/staplus/v1.1/Observations(44)/Subjects
https://citiobs.demo.secure-dimensions.de/staplus/v1.1/Observations(45);45;2023-07-24T13:20:56Z;25.22;2023-07-24T13:20:56Z;https://citiobs.demo.secure-dimensions.de/staplus/v1.1/Observations(45)/Datastream;https://citiobs.demo.secure-dimensions.de/staplus/v1.1/Observations(45)/FeatureOfInterest;https://citiobs.demo.secure-dimensions.de/staplus/v1.1/Observations(45)/Objects;https://citiobs.demo.secure-dimensions.de/staplus/v1.1/Observations(45)/ObservationGroups;https://citiobs.demo.secure-dimensions.de/staplus/v1.1/Observations(45)/Subjects
https://citiobs.demo.secure-dimensions.de/staplus/v1.1/Observations(46);46;2023-07-24T13:20:56Z;4;2023-07-24T13:20:56Z;https://citiobs.demo.secure-dimensions.de/staplus/v1.1/Observations(46)/Datastream;https://citiobs.demo.secure-dimensions.de/staplus/v1.1/Observations(46)/FeatureOfInterest;https://citiobs.demo.secure-dimensions.de/staplus/v1.1/Observations(46)/Objects;https://citiobs.demo.secure-dimensions.de/staplus/v1.1/Observations(46)/ObservationGroups;https://citiobs.demo.secure-dimensions.de/staplus/v1.1/Observations(46)/Subjects
https://citiobs.demo.secure-dimensions.de/staplus/v1.1/Observations(47);47;2023-07-24T13:20:56Z;8;2023-07-24T13:20:56Z;https://citiobs.demo.secure-dimensions.de/staplus/v1.1/Observations(47)/Datastream;https://citiobs.demo.secure-dimensions.de/staplus/v1.1/Observations(47)/FeatureOfInterest;https://citiobs.demo.secure-dimensions.de/staplus/v1.1/Observations(47)/Objects;https://citiobs.demo.secure-dimensions.de/staplus/v1.1/Observations(47)/ObservationGroups;https://citiobs.demo.secure-dimensions.de/staplus/v1.1/Observations(47)/Subjects
https://citiobs.demo.secure-dimensions.de/staplus/v1.1/Observations(48);48;2023-07-24T13:20:56Z;9;2023-07-24T13:20:56Z;https://citiobs.demo.secure-dimensions.de/staplus/v1.1/Observations(48)/Datastream;https://citiobs.demo.secure-dimensions.de/staplus/v1.1/Observations(48)/FeatureOfInterest;https://citiobs.demo.secure-dimensions.de/staplus/v1.1/Observations(48)/Objects;https://citiobs.demo.secure-dimensions.de/staplus/v1.1/Observations(48)/ObservationGroups;https://citiobs.demo.secure-dimensions.de/staplus/v1.1/Observations(48)/Subjects
https://citiobs.demo.secure-dimensions.de/staplus/v1.1/Observations(49);49;2023-07-24T13:20:56Z;27.25;2023-07-24T13:20:56Z;https://citiobs.demo.secure-dimensions.de/staplus/v1.1/Observations(49)/Datastream;https://citiobs.demo.secure-dimensions.de/staplus/v1.1/Observations(49)/FeatureOfInterest;https://citiobs.demo.secure-dimensions.de/staplus/v1.1/Observations(49)/Objects;https://citiobs.demo.secure-dimensions.de/staplus/v1.1/Observations(49)/ObservationGroups;https://citiobs.demo.secure-dimensions.de/staplus/v1.1/Observations(49)/Subjects
https://citiobs.demo.secure-dimensions.de/staplus/v1.1/Observations(50);50;2023-07-24T13:20:56Z;52.39;2023-07-24T13:20:56Z;https://citiobs.demo.secure-dimensions.de/staplus/v1.1/Observations(50)/Datastream;https://citiobs.demo.secure-dimensions.de/staplus/v1.1/Observations(50)/FeatureOfInterest;https://citiobs.demo.secure-dimensions.de/staplus/v1.1/Observations(50)/Objects;https://citiobs.demo.secure-dimensions.de/staplus/v1.1/Observations(50)/ObservationGroups;https://citiobs.demo.secure-dimensions.de/staplus/v1.1/Observations(50)/Subjects
https://citiobs.demo.secure-dimensions.de/staplus/v1.1/Observations(51);51;2023-07-24T13:20:56Z;61;2023-07-24T13:20:56Z;https://citiobs.demo.secure-dimensions.de/staplus/v1.1/Observations(51)/Datastream;https://citiobs.demo.secure-dimensions.de/staplus/v1.1/Observations(51)/FeatureOfInterest;https://citiobs.demo.secure-dimensions.de/staplus/v1.1/Observations(51)/Objects;https://citiobs.demo.secure-dimensions.de/staplus/v1.1/Observations(51)/ObservationGroups;https://citiobs.demo.secure-dimensions.de/staplus/v1.1/Observations(51)/Subjects
https://citiobs.demo.secure-dimensions.de/staplus/v1.1/Observations(52);52;2023-07-24T13:20:56Z;94.73;2023-07-24T13:20:56Z;https://citiobs.demo.secure-dimensions.de/staplus/v1.1/Observations(52)/Datastream;https://citiobs.demo.secure-dimensions.de/staplus/v1.1/Observations(52)/FeatureOfInterest;https://citiobs.demo.secure-dimensions.de/staplus/v1.1/Observations(52)/Objects;https://citiobs.demo.secure-dimensions.de/staplus/v1.1/Observations(52)/ObservationGroups;https://citiobs.demo.secure-dimensions.de/staplus/v1.1/Observations(52)/Subjects
https://citiobs.demo.secure-dimensions.de/staplus/v1.1/Observations(53);53;2023-07-24T13:20:56Z;23.54;2023-07-24T13:20:56Z;https://citiobs.demo.secure-dimensions.de/staplus/v1.1/Observations(53)/Datastream;https://citiobs.demo.secure-dimensions.de/staplus/v1.1/Observations(53)/FeatureOfInterest;https://citiobs.demo.secure-dimensions.de/staplus/v1.1/Observations(53)/Objects;https://citiobs.demo.secure-dimensions.de/staplus/v1.1/Observations(53)/ObservationGroups;https://citiobs.demo.secure-dimensions.de/staplus/v1.1/Observations(53)/Subjects
https://citiobs.demo.secure-dimensions.de/staplus/v1.1/Observations(54);54;2023-07-24T13:20:56Z;4;2023-07-24T13:20:56Z;https://citiobs.demo.secure-dimensions.de/staplus/v1.1/Observations(54)/Datastream;https://citiobs.demo.secure-dimensions.de/staplus/v1.1/Observations(54)/FeatureOfInterest;https://citiobs.demo.secure-dimensions.de/staplus/v1.1/Observations(54)/Objects;https://citiobs.demo.secure-dimensions.de/staplus/v1.1/Observations(54)/ObservationGroups;https://citiobs.demo.secure-dimensions.de/staplus/v1.1/Observations(54)/Subjects
https://citiobs.demo.secure-dimensions.de/staplus/v1.1/Observations(55);55;2023-07-24T13:20:56Z;7;2023-07-24T13:20:56Z;https://citiobs.demo.secure-dimensions.de/staplus/v1.1/Observations(55)/Datastream;https://citiobs.demo.secure-dimensions.de/staplus/v1.1/Observations(55)/FeatureOfInterest;https://citiobs.demo.secure-dimensions.de/staplus/v1.1/Observations(55)/Objects;https://citiobs.demo.secure-dimensions.de/staplus/v1.1/Observations(55)/ObservationGroups;https://citiobs.demo.secure-dimensions.de/staplus/v1.1/Observations(55)/Subjects
https://citiobs.demo.secure-dimensions.de/staplus/v1.1/Observations(56);56;2023-07-24T13:20:56Z;8;2023-07-24T13:20:56Z;https://citiobs.demo.secure-dimensions.de/staplus/v1.1/Observations(56)/Datastream;https://citiobs.demo.secure-dimensions.de/staplus/v1.1/Observations(56)/FeatureOfInterest;https://citiobs.demo.secure-dimensions.de/staplus/v1.1/Observations(56)/Objects;https://citiobs.demo.secure-dimensions.de/staplus/v1.1/Observations(56)/ObservationGroups;https://citiobs.demo.secure-dimensions.de/staplus/v1.1/Observations(56)/Subjects
https://citiobs.demo.secure-dimensions.de/staplus/v1.1/Observations(57);57;2023-07-24T13:20:56Z;27.24;2023-07-24T13:20:56Z;https://citiobs.demo.secure-dimensions.de/staplus/v1.1/Observations(57)/Datastream;https://citiobs.demo.secure-dimensions.de/staplus/v1.1/Observations(57)/FeatureOfInterest;https://citiobs.demo.secure-dimensions.de/staplus/v1.1/Observations(57)/Objects;https://citiobs.demo.secure-dimensions.de/staplus/v1.1/Observations(57)/ObservationGroups;https://citiobs.demo.secure-dimensions.de/staplus/v1.1/Observations(57)/Subjects
https://citiobs.demo.secure-dimensions.de/staplus/v1.1/Observations(58);58;2023-07-24T13:20:56Z;52.42;2023-07-24T13:20:56Z;https://citiobs.demo.secure-dimensions.de/staplus/v1.1/Observations(58)/Datastream;https://citiobs.demo.secure-dimensions.de/staplus/v1.1/Observations(58)/FeatureOfInterest;https://citiobs.demo.secure-dimensions.de/staplus/v1.1/Observations(58)/Objects;https://citiobs.demo.secure-dimensions.de/staplus/v1.1/Observations(58)/ObservationGroups;https://citiobs.demo.secure-dimensions.de/staplus/v1.1/Observations(58)/Subjects
https://citiobs.demo.secure-dimensions.de/staplus/v1.1/Observations(59);59;2023-07-24T13:20:56Z;61;2023-07-24T13:20:56Z;https://citiobs.demo.secure-dimensions.de/staplus/v1.1/Observations(59)/Datastream;https://citiobs.demo.secure-dimensions.de/staplus/v1.1/Observations(59)/FeatureOfInterest;https://citiobs.demo.secure-dimensions.de/staplus/v1.1/Observations(59)/Objects;https://citiobs.demo.secure-dimensions.de/staplus/v1.1/Observations(59)/ObservationGroups;https://citiobs.demo.secure-dimensions.de/staplus/v1.1/Observations(59)/Subjects
https://citiobs.demo.secure-dimensions.de/staplus/v1.1/Observations(60);60;2023-07-24T13:20:56Z;94.72;2023-07-24T13:20:56Z;https://citiobs.demo.secure-dimensions.de/staplus/v1.1/Observations(60)/Datastream;https://citiobs.demo.secure-dimensions.de/staplus/v1.1/Observations(60)/FeatureOfInterest;https://citiobs.demo.secure-dimensions.de/staplus/v1.1/Observations(60)/Objects;https://citiobs.demo.secure-dimensions.de/staplus/v1.1/Observations(60)/ObservationGroups;https://citiobs.demo.secure-dimensions.de/staplus/v1.1/Observations(60)/Subjects
https://citiobs.demo.secure-dimensions.de/staplus/v1.1/Observations(61);61;2023-07-24T13:20:56Z;30.42;2023-07-24T13:20:56Z;https://citiobs.demo.secure-dimensions.de/staplus/v1.1/Observations(61)/Datastream;https://citiobs.demo.secure-dimensions.de/staplus/v1.1/Observations(61)/FeatureOfInterest;https://citiobs.demo.secure-dimensions.de/staplus/v1.1/Observations(61)/Objects;https://citiobs.demo.secure-dimensions.de/staplus/v1.1/Observations(61)/ObservationGroups;https://citiobs.demo.secure-dimensions.de/staplus/v1.1/Observations(61)/Subjects
https://citiobs.demo.secure-dimensions.de/staplus/v1.1/Observations(62);62;2023-07-24T13:20:56Z;4;2023-07-24T13:20:56Z;https://citiobs.demo.secure-dimensions.de/staplus/v1.1/Observations(62)/Datastream;https://citiobs.demo.secure-dimensions.de/staplus/v1.1/Observations(62)/FeatureOfInterest;https://citiobs.demo.secure-dimensions.de/staplus/v1.1/Observations(62)/Objects;https://citiobs.demo.secure-dimensions.de/staplus/v1.1/Observations(62)/ObservationGroups;https://citiobs.demo.secure-dimensions.de/staplus/v1.1/Observations(62)/Subjects
https://citiobs.demo.secure-dimensions.de/staplus/v1.1/Observations(63);63;2023-07-24T13:20:56Z;8;2023-07-24T13:20:56Z;https://citiobs.demo.secure-dimensions.de/staplus/v1.1/Observations(63)/Datastream;https://citiobs.demo.secure-dimensions.de/staplus/v1.1/Observations(63)/FeatureOfInterest;https://citiobs.demo.secure-dimensions.de/staplus/v1.1/Observations(63)/Objects;https://citiobs.demo.secure-dimensions.de/staplus/v1.1/Observations(63)/ObservationGroups;https://citiobs.demo.secure-dimensions.de/staplus/v1.1/Observations(63)/Subjects
https://citiobs.demo.secure-dimensions.de/staplus/v1.1/Observations(64);64;2023-07-24T13:20:56Z;9;2023-07-24T13:20:56Z;https://citiobs.demo.secure-dimensions.de/staplus/v1.1/Observations(64)/Datastream;https://citiobs.demo.secure-dimensions.de/staplus/v1.1/Observations(64)/FeatureOfInterest;https://citiobs.demo.secure-dimensions.de/staplus/v1.1/Observations(64)/Objects;https://citiobs.demo.secure-dimensions.de/staplus/v1.1/Observations(64)/ObservationGroups;https://citiobs.demo.secure-dimensions.de/staplus/v1.1/Observations(64)/Subjects
https://citiobs.demo.secure-dimensions.de/staplus/v1.1/Observations(65);65;2023-07-24T13:20:56Z;27.23;2023-07-24T13:20:56Z;https://citiobs.demo.secure-dimensions.de/staplus/v1.1/Observations(65)/Datastream;https://citiobs.demo.secure-dimensions.de/staplus/v1.1/Observations(65)/FeatureOfInterest;https://citiobs.demo.secure-dimensions.de/staplus/v1.1/Observations(65)/Objects;https://citiobs.demo.secure-dimensions.de/staplus/v1.1/Observations(65)/ObservationGroups;https://citiobs.demo.secure-dimensions.de/staplus/v1.1/Observations(65)/Subjects
https://citiobs.demo.secure-dimensions.de/staplus/v1.1/Observations(66);66;2023-07-24T13:20:56Z;52.34;2023-07-24T13:20:56Z;https://citiobs.demo.secure-dimensions.de/staplus/v1.1/Observations(66)/Datastream;https://citiobs.demo.secure-dimensions.de/staplus/v1.1/Observations(66)/FeatureOfInterest;https://citiobs.demo.secure-dimensions.de/staplus/v1.1/Observations(66)/Objects;https://citiobs.demo.secure-dimensions.de/staplus/v1.1/Observations(66)/ObservationGroups;https://citiobs.demo.secure-dimensions.de/staplus/v1.1/Observations(66)/Subjects
https://citiobs.demo.secure-dimensions.de/staplus/v1.1/Observations(67);67;2023-07-24T13:20:56Z;62;2023-07-24T13:20:56Z;https://citiobs.demo.secure-dimensions.de/staplus/v1.1/Observations(67)/Datastream;https://citiobs.demo.secure-dimensions.de/staplus/v1.1/Observations(67)/FeatureOfInterest;https://citiobs.demo.secure-dimensions.de/staplus/v1.1/Observations(67)/Objects;https://citiobs.demo.secure-dimensions.de/staplus/v1.1/Observations(67)/ObservationGroups;https://citiobs.demo.secure-dimensions.de/staplus/v1.1/Observations(67)/Subjects
https://citiobs.demo.secure-dimensions.de/staplus/v1.1/Observations(68);68;2023-07-24T13:20:56Z;94.72;2023-07-24T13:20:56Z;https://citiobs.demo.secure-dimensions.de/staplus/v1.1/Observations(68)/Datastream;https://citiobs.demo.secure-dimensions.de/staplus/v1.1/Observations(68)/FeatureOfInterest;https://citiobs.demo.secure-dimensions.de/staplus/v1.1/Observations(68)/Objects;https://citiobs.demo.secure-dimensions.de/staplus/v1.1/Observations(68)/ObservationGroups;https://citiobs.demo.secure-dimensions.de/staplus/v1.1/Observations(68)/Subjects
https://citiobs.demo.secure-dimensions.de/staplus/v1.1/Observations(69);69;2023-07-24T13:20:56Z;24.15;2023-07-24T13:20:56Z;https://citiobs.demo.secure-dimensions.de/staplus/v1.1/Observations(69)/Datastream;https://citiobs.demo.secure-dimensions.de/staplus/v1.1/Observations(69)/FeatureOfInterest;https://citiobs.demo.secure-dimensions.de/staplus/v1.1/Observations(69)/Objects;https://citiobs.demo.secure-dimensions.de/staplus/v1.1/Observations(69)/ObservationGroups;https://citiobs.demo.secure-dimensions.de/staplus/v1.1/Observations(69)/Subjects
https://citiobs.demo.secure-dimensions.de/staplus/v1.1/Observations(70);70;2023-07-24T13:20:56Z;4;2023-07-24T13:20:56Z;https://citiobs.demo.secure-dimensions.de/staplus/v1.1/Observations(70)/Datastream;https://citiobs.demo.secure-dimensions.de/staplus/v1.1/Observations(70)/FeatureOfInterest;https://citiobs.demo.secure-dimensions.de/staplus/v1.1/Observations(70)/Objects;https://citiobs.demo.secure-dimensions.de/staplus/v1.1/Observations(70)/ObservationGroups;https://citiobs.demo.secure-dimensions.de/staplus/v1.1/Observations(70)/Subjects
https://citiobs.demo.secure-dimensions.de/staplus/v1.1/Observations(71);71;2023-07-24T13:20:56Z;7;2023-07-24T13:20:56Z;https://citiobs.demo.secure-dimensions.de/staplus/v1.1/Observations(71)/Datastream;https://citiobs.demo.secure-dimensions.de/staplus/v1.1/Observations(71)/FeatureOfInterest;https://citiobs.demo.secure-dimensions.de/staplus/v1.1/Observations(71)/Objects;https://citiobs.demo.secure-dimensions.de/staplus/v1.1/Observations(71)/ObservationGroups;https://citiobs.demo.secure-dimensions.de/staplus/v1.1/Observations(71)/Subjects
https://citiobs.demo.secure-dimensions.de/staplus/v1.1/Observations(72);72;2023-07-24T13:20:56Z;8;2023-07-24T13:20:56Z;https://citiobs.demo.secure-dimensions.de/staplus/v1.1/Observations(72)/Datastream;https://citiobs.demo.secure-dimensions.de/staplus/v1.1/Observations(72)/FeatureOfInterest;https://citiobs.demo.secure-dimensions.de/staplus/v1.1/Observations(72)/Objects;https://citiobs.demo.secure-dimensions.de/staplus/v1.1/Observations(72)/ObservationGroups;https://citiobs.demo.secure-dimensions.de/staplus/v1.1/Observations(72)/Subjects
https://citiobs.demo.secure-dimensions.de/staplus/v1.1/Observations(73);73;2023-07-24T13:20:56Z;27.23;2023-07-24T13:20:56Z;https://citiobs.demo.secure-dimensions.de/staplus/v1.1/Observations(73)/Datastream;https://citiobs.demo.secure-dimensions.de/staplus/v1.1/Observations(73)/FeatureOfInterest;https://citiobs.demo.secure-dimensions.de/staplus/v1.1/Observations(73)/Objects;https://citiobs.demo.secure-dimensions.de/staplus/v1.1/Observations(73)/ObservationGroups;https://citiobs.demo.secure-dimensions.de/staplus/v1.1/Observations(73)/Subjects
https://citiobs.demo.secure-dimensions.de/staplus/v1.1/Observations(74);74;2023-07-24T13:20:56Z;52.38;2023-07-24T13:20:56Z;https://citiobs.demo.secure-dimensions.de/staplus/v1.1/Observations(74)/Datastream;https://citiobs.demo.secure-dimensions.de/staplus/v1.1/Observations(74)/FeatureOfInterest;https://citiobs.demo.secure-dimensions.de/staplus/v1.1/Observations(74)/Objects;https://citiobs.demo.secure-dimensions.de/staplus/v1.1/Observations(74)/ObservationGroups;https://citiobs.demo.secure-dimensions.de/staplus/v1.1/Observations(74)/Subjects
https://citiobs.demo.secure-dimensions.de/staplus/v1.1/Observations(75);75;2023-07-24T13:20:56Z;62;2023-07-24T13:20:56Z;https://citiobs.demo.secure-dimensions.de/staplus/v1.1/Observations(75)/Datastream;https://citiobs.demo.secure-dimensions.de/staplus/v1.1/Observations(75)/FeatureOfInterest;https://citiobs.demo.secure-dimensions.de/staplus/v1.1/Observations(75)/Objects;https://citiobs.demo.secure-dimensions.de/staplus/v1.1/Observations(75)/ObservationGroups;https://citiobs.demo.secure-dimensions.de/staplus/v1.1/Observations(75)/Subjects
https://citiobs.demo.secure-dimensions.de/staplus/v1.1/Observations(76);76;2023-07-24T13:20:56Z;94.72;2023-07-24T13:20:56Z;https://citiobs.demo.secure-dimensions.de/staplus/v1.1/Observations(76)/Datastream;https://citiobs.demo.secure-dimensions.de/staplus/v1.1/Observations(76)/FeatureOfInterest;https://citiobs.demo.secure-dimensions.de/staplus/v1.1/Observations(76)/Objects;https://citiobs.demo.secure-dimensions.de/staplus/v1.1/Observations(76)/ObservationGroups;https://citiobs.demo.secure-dimensions.de/staplus/v1.1/Observations(76)/Subjects
https://citiobs.demo.secure-dimensions.de/staplus/v1.1/Observations(77);77;2023-07-24T13:20:56Z;28.54;2023-07-24T13:20:56Z;https://citiobs.demo.secure-dimensions.de/staplus/v1.1/Observations(77)/Datastream;https://citiobs.demo.secure-dimensions.de/staplus/v1.1/Observations(77)/FeatureOfInterest;https://citiobs.demo.secure-dimensions.de/staplus/v1.1/Observations(77)/Objects;https://citiobs.demo.secure-dimensions.de/staplus/v1.1/Observations(77)/ObservationGroups;https://citiobs.demo.secure-dimensions.de/staplus/v1.1/Observations(77)/Subjects
https://citiobs.demo.secure-dimensions.de/staplus/v1.1/Observations(78);78;2023-07-24T13:20:56Z;4;2023-07-24T13:20:56Z;https://citiobs.demo.secure-dimensions.de/staplus/v1.1/Observations(78)/Datastream;https://citiobs.demo.secure-dimensions.de/staplus/v1.1/Observations(78)/FeatureOfInterest;https://citiobs.demo.secure-dimensions.de/staplus/v1.1/Observations(78)/Objects;https://citiobs.demo.secure-dimensions.de/staplus/v1.1/Observations(78)/ObservationGroups;https://citiobs.demo.secure-dimensions.de/staplus/v1.1/Observations(78)/Subjects
https://citiobs.demo.secure-dimensions.de/staplus/v1.1/Observations(79);79;2023-07-24T13:20:56Z;8;2023-07-24T13:20:56Z;https://citiobs.demo.secure-dimensions.de/staplus/v1.1/Observations(79)/Datastream;https://citiobs.demo.secure-dimensions.de/staplus/v1.1/Observations(79)/FeatureOfInterest;https://citiobs.demo.secure-dimensions.de/staplus/v1.1/Observations(79)/Objects;https://citiobs.demo.secure-dimensions.de/staplus/v1.1/Observations(79)/ObservationGroups;https://citiobs.demo.secure-dimensions.de/staplus/v1.1/Observations(79)/Subjects
https://citiobs.demo.secure-dimensions.de/staplus/v1.1/Observations(80);80;2023-07-24T13:20:56Z;9;2023-07-24T13:20:56Z;https://citiobs.demo.secure-dimensions.de/staplus/v1.1/Observations(80)/Datastream;https://citiobs.demo.secure-dimensions.de/staplus/v1.1/Observations(80)/FeatureOfInterest;https://citiobs.demo.secure-dimensions.de/staplus/v1.1/Observations(80)/Objects;https://citiobs.demo.secure-dimensions.de/staplus/v1.1/Observations(80)/ObservationGroups;https://citiobs.demo.secure-dimensions.de/staplus/v1.1/Observations(80)/Subjects
https://citiobs.demo.secure-dimensions.de/staplus/v1.1/Observations(81);81;2023-07-24T13:20:56Z;27.24;2023-07-24T13:20:56Z;https://citiobs.demo.secure-dimensions.de/staplus/v1.1/Observations(81)/Datastream;https://citiobs.demo.secure-dimensions.de/staplus/v1.1/Observations(81)/FeatureOfInterest;https://citiobs.demo.secure-dimensions.de/staplus/v1.1/Observations(81)/Objects;https://citiobs.demo.secure-dimensions.de/staplus/v1.1/Observations(81)/ObservationGroups;https://citiobs.demo.secure-dimensions.de/staplus/v1.1/Observations(81)/Subjects
https://citiobs.demo.secure-dimensions.de/staplus/v1.1/Observations(82);82;2023-07-24T13:20:56Z;52.39;2023-07-24T13:20:56Z;https://citiobs.demo.secure-dimensions.de/staplus/v1.1/Observations(82)/Datastream;https://citiobs.demo.secure-dimensions.de/staplus/v1.1/Observations(82)/FeatureOfInterest;https://citiobs.demo.secure-dimensions.de/staplus/v1.1/Observations(82)/Objects;https://citiobs.demo.secure-dimensions.de/staplus/v1.1/Observations(82)/ObservationGroups;https://citiobs.demo.secure-dimensions.de/staplus/v1.1/Observations(82)/Subjects
https://citiobs.demo.secure-dimensions.de/staplus/v1.1/Observations(83);83;2023-07-24T13:20:56Z;64;2023-07-24T13:20:56Z;https://citiobs.demo.secure-dimensions.de/staplus/v1.1/Observations(83)/Datastream;https://citiobs.demo.secure-dimensions.de/staplus/v1.1/Observations(83)/FeatureOfInterest;https://citiobs.demo.secure-dimensions.de/staplus/v1.1/Observations(83)/Objects;https://citiobs.demo.secure-dimensions.de/staplus/v1.1/Observations(83)/ObservationGroups;https://citiobs.demo.secure-dimensions.de/staplus/v1.1/Observations(83)/Subjects
https://citiobs.demo.secure-dimensions.de/staplus/v1.1/Observations(84);84;2023-07-24T13:20:56Z;94.72;2023-07-24T13:20:56Z;https://citiobs.demo.secure-dimensions.de/staplus/v1.1/Observations(84)/Datastream;https://citiobs.demo.secure-dimensions.de/staplus/v1.1/Observations(84)/FeatureOfInterest;https://citiobs.demo.secure-dimensions.de/staplus/v1.1/Observations(84)/Objects;https://citiobs.demo.secure-dimensions.de/staplus/v1.1/Observations(84)/ObservationGroups;https://citiobs.demo.secure-dimensions.de/staplus/v1.1/Observations(84)/Subjects
https://citiobs.demo.secure-dimensions.de/staplus/v1.1/Observations(85);85;2023-07-24T13:20:56Z;26.55;2023-07-24T13:20:56Z;https://citiobs.demo.secure-dimensions.de/staplus/v1.1/Observations(85)/Datastream;https://citiobs.demo.secure-dimensions.de/staplus/v1.1/Observations(85)/FeatureOfInterest;https://citiobs.demo.secure-dimensions.de/staplus/v1.1/Observations(85)/Objects;https://citiobs.demo.secure-dimensions.de/staplus/v1.1/Observations(85)/ObservationGroups;https://citiobs.demo.secure-dimensions.de/staplus/v1.1/Observations(85)/Subjects
https://citiobs.demo.secure-dimensions.de/staplus/v1.1/Observations(86);86;2023-07-24T13:20:56Z;4;2023-07-24T13:20:56Z;https://citiobs.demo.secure-dimensions.de/staplus/v1.1/Observations(86)/Datastream;https://citiobs.demo.secure-dimensions.de/staplus/v1.1/Observations(86)/FeatureOfInterest;https://citiobs.demo.secure-dimensions.de/staplus/v1.1/Observations(86)/Objects;https://citiobs.demo.secure-dimensions.de/staplus/v1.1/Observations(86)/ObservationGroups;https://citiobs.demo.secure-dimensions.de/staplus/v1.1/Observations(86)/Subjects
https://citiobs.demo.secure-dimensions.de/staplus/v1.1/Observations(87);87;2023-07-24T13:20:56Z;6;2023-07-24T13:20:56Z;https://citiobs.demo.secure-dimensions.de/staplus/v1.1/Observations(87)/Datastream;https://citiobs.demo.secure-dimensions.de/staplus/v1.1/Observations(87)/FeatureOfInterest;https://citiobs.demo.secure-dimensions.de/staplus/v1.1/Observations(87)/Objects;https://citiobs.demo.secure-dimensions.de/staplus/v1.1/Observations(87)/ObservationGroups;https://citiobs.demo.secure-dimensions.de/staplus/v1.1/Observations(87)/Subjects
https://citiobs.demo.secure-dimensions.de/staplus/v1.1/Observations(88);88;2023-07-24T13:20:56Z;8;2023-07-24T13:20:56Z;https://citiobs.demo.secure-dimensions.de/staplus/v1.1/Observations(88)/Datastream;https://citiobs.demo.secure-dimensions.de/staplus/v1.1/Observations(88)/FeatureOfInterest;https://citiobs.demo.secure-dimensions.de/staplus/v1.1/Observations(88)/Objects;https://citiobs.demo.secure-dimensions.de/staplus/v1.1/Observations(88)/ObservationGroups;https://citiobs.demo.secure-dimensions.de/staplus/v1.1/Observations(88)/Subjects
https://citiobs.demo.secure-dimensions.de/staplus/v1.1/Observations(89);89;2023-07-24T13:20:56Z;27.23;2023-07-24T13:20:56Z;https://citiobs.demo.secure-dimensions.de/staplus/v1.1/Observations(89)/Datastream;https://citiobs.demo.secure-dimensions.de/staplus/v1.1/Observations(89)/FeatureOfInterest;https://citiobs.demo.secure-dimensions.de/staplus/v1.1/Observations(89)/Objects;https://citiobs.demo.secure-dimensions.de/staplus/v1.1/Observations(89)/ObservationGroups;https://citiobs.demo.secure-dimensions.de/staplus/v1.1/Observations(89)/Subjects
https://citiobs.demo.secure-dimensions.de/staplus/v1.1/Observations(90);90;2023-07-24T13:20:56Z;52.46;2023-07-24T13:20:56Z;https://citiobs.demo.secure-dimensions.de/staplus/v1.1/Observations(90)/Datastream;https://citiobs.demo.secure-dimensions.de/staplus/v1.1/Observations(90)/FeatureOfInterest;https://citiobs.demo.secure-dimensions.de/staplus/v1.1/Observations(90)/Objects;https://citiobs.demo.secure-dimensions.de/staplus/v1.1/Observations(90)/ObservationGroups;https://citiobs.demo.secure-dimensions.de/staplus/v1.1/Observations(90)/Subjects
https://citiobs.demo.secure-dimensions.de/staplus/v1.1/Observations(91);91;2023-07-24T13:20:56Z;65;2023-07-24T13:20:56Z;https://citiobs.demo.secure-dimensions.de/staplus/v1.1/Observations(91)/Datastream;https://citiobs.demo.secure-dimensions.de/staplus/v1.1/Observations(91)/FeatureOfInterest;https://citiobs.demo.secure-dimensions.de/staplus/v1.1/Observations(91)/Objects;https://citiobs.demo.secure-dimensions.de/staplus/v1.1/Observations(91)/ObservationGroups;https://citiobs.demo.secure-dimensions.de/staplus/v1.1/Observations(91)/Subjects
https://citiobs.demo.secure-dimensions.de/staplus/v1.1/Observations(92);92;2023-07-24T13:20:56Z;94.72;2023-07-24T13:20:56Z;https://citiobs.demo.secure-dimensions.de/staplus/v1.1/Observations(92)/Datastream;https://citiobs.demo.secure-dimensions.de/staplus/v1.1/Observations(92)/FeatureOfInterest;https://citiobs.demo.secure-dimensions.de/staplus/v1.1/Observations(92)/Objects;https://citiobs.demo.secure-dimensions.de/staplus/v1.1/Observations(92)/ObservationGroups;https://citiobs.demo.secure-dimensions.de/staplus/v1.1/Observations(92)/Subjects
https://citiobs.demo.secure-dimensions.de/staplus/v1.1/Observations(93);93;2023-07-24T13:20:56Z;50.48;2023-07-24T13:20:56Z;https://citiobs.demo.secure-dimensions.de/staplus/v1.1/Observations(93)/Datastream;https://citiobs.demo.secure-dimensions.de/staplus/v1.1/Observations(93)/FeatureOfInterest;https://citiobs.demo.secure-dimensions.de/staplus/v1.1/Observations(93)/Objects;https://citiobs.demo.secure-dimensions.de/staplus/v1.1/Observations(93)/ObservationGroups;https://citiobs.demo.secure-dimensions.de/staplus/v1.1/Observations(93)/Subjects
https://citiobs.demo.secure-dimensions.de/staplus/v1.1/Observations(94);94;2023-07-24T13:20:56Z;4;2023-07-24T13:20:56Z;https://citiobs.demo.secure-dimensions.de/staplus/v1.1/Observations(94)/Datastream;https://citiobs.demo.secure-dimensions.de/staplus/v1.1/Observations(94)/FeatureOfInterest;https://citiobs.demo.secure-dimensions.de/staplus/v1.1/Observations(94)/Objects;https://citiobs.demo.secure-dimensions.de/staplus/v1.1/Observations(94)/ObservationGroups;https://citiobs.demo.secure-dimensions.de/staplus/v1.1/Observations(94)/Subjects
https://citiobs.demo.secure-dimensions.de/staplus/v1.1/Observations(95);95;2023-07-24T13:20:56Z;7;2023-07-24T13:20:56Z;https://citiobs.demo.secure-dimensions.de/staplus/v1.1/Observations(95)/Datastream;https://citiobs.demo.secure-dimensions.de/staplus/v1.1/Observations(95)/FeatureOfInterest;https://citiobs.demo.secure-dimensions.de/staplus/v1.1/Observations(95)/Objects;https://citiobs.demo.secure-dimensions.de/staplus/v1.1/Observations(95)/ObservationGroups;https://citiobs.demo.secure-dimensions.de/staplus/v1.1/Observations(95)/Subjects
https://citiobs.demo.secure-dimensions.de/staplus/v1.1/Observations(96);96;2023-07-24T13:20:56Z;10;2023-07-24T13:20:56Z;https://citiobs.demo.secure-dimensions.de/staplus/v1.1/Observations(96)/Datastream;https://citiobs.demo.secure-dimensions.de/staplus/v1.1/Observations(96)/FeatureOfInterest;https://citiobs.demo.secure-dimensions.de/staplus/v1.1/Observations(96)/Objects;https://citiobs.demo.secure-dimensions.de/staplus/v1.1/Observations(96)/ObservationGroups;https://citiobs.demo.secure-dimensions.de/staplus/v1.1/Observations(96)/Subjects
https://citiobs.demo.secure-dimensions.de/staplus/v1.1/Observations(97);97;2023-07-24T13:20:56Z;27.23;2023-07-24T13:20:56Z;https://citiobs.demo.secure-dimensions.de/staplus/v1.1/Observations(97)/Datastream;https://citiobs.demo.secure-dimensions.de/staplus/v1.1/Observations(97)/FeatureOfInterest;https://citiobs.demo.secure-dimensions.de/staplus/v1.1/Observations(97)/Objects;https://citiobs.demo.secure-dimensions.de/staplus/v1.1/Observations(97)/ObservationGroups;https://citiobs.demo.secure-dimensions.de/staplus/v1.1/Observations(97)/Subjects
https://citiobs.demo.secure-dimensions.de/staplus/v1.1/Observations(98);98;2023-07-24T13:20:56Z;52.56;2023-07-24T13:20:56Z;https://citiobs.demo.secure-dimensions.de/staplus/v1.1/Observations(98)/Datastream;https://citiobs.demo.secure-dimensions.de/staplus/v1.1/Observations(98)/FeatureOfInterest;https://citiobs.demo.secure-dimensions.de/staplus/v1.1/Observations(98)/Objects;https://citiobs.demo.secure-dimensions.de/staplus/v1.1/Observations(98)/ObservationGroups;https://citiobs.demo.secure-dimensions.de/staplus/v1.1/Observations(98)/Subjects
https://citiobs.demo.secure-dimensions.de/staplus/v1.1/Observations(99);99;2023-07-24T13:20:56Z;65;2023-07-24T13:20:56Z;https://citiobs.demo.secure-dimensions.de/staplus/v1.1/Observations(99)/Datastream;https://citiobs.demo.secure-dimensions.de/staplus/v1.1/Observations(99)/FeatureOfInterest;https://citiobs.demo.secure-dimensions.de/staplus/v1.1/Observations(99)/Objects;https://citiobs.demo.secure-dimensions.de/staplus/v1.1/Observations(99)/ObservationGroups;https://citiobs.demo.secure-dimensions.de/staplus/v1.1/Observations(99)/Subjects
https://citiobs.demo.secure-dimensions.de/staplus/v1.1/Observations(100);100;2023-07-24T13:20:56Z;94.71;2023-07-24T13:20:56Z;https://citiobs.demo.secure-dimensions.de/staplus/v1.1/Observations(100)/Datastream;https://citiobs.demo.secure-dimensions.de/staplus/v1.1/Observations(100)/FeatureOfInterest;https://citiobs.demo.secure-dimensions.de/staplus/v1.1/Observations(100)/Objects;https://citiobs.demo.secure-dimensions.de/staplus/v1.1/Observations(100)/ObservationGroups;https://citiobs.demo.secure-dimensions.de/staplus/v1.1/Observations(100)/Subjects